MovieTitle,MovieDate,MovieRuntime,MovieRating,MovieScore,MovieDescription,MovieDirector,MovieStars,MovieVotes,MovieGross
Dune,2021,155,8.3,75,"Feature adaptation of Frank Herbert's science fiction novel, about the son of a noble family entrusted with the protection of the most valuable asset and most vital element in the galaxy.",Denis Villeneuve,"Timothée Chalamet, Rebecca Ferguson, Zendaya, Oscar Isaac","122,285",
Halloween,1978,91,7.7,87,"Fifteen years after murdering his sister on Halloween night 1963, Michael Myers escapes from a mental hospital and returns to the small town of Haddonfield, Illinois to kill again.",John Carpenter,"Donald Pleasence, Jamie Lee Curtis, Tony Moran, Nancy Kyes","250,388",$47.00M
Casino Royale,2006,144,8.0,80,"After earning 00 status and a licence to kill, secret agent James Bond sets out on his first mission as 007. Bond must defeat a private banker funding terrorists in a high-stakes game of poker at Casino Royale, Montenegro.",Martin Campbell,"Daniel Craig, Eva Green, Judi Dench, Jeffrey Wright","616,025",$167.45M
Shang-Chi and the Legend of the Ten Rings,2021,132,7.9,71,"Shang-Chi, the master of weaponry-based Kung Fu, is forced to confront his past after being drawn into the Ten Rings organization.",Destin Daniel Cretton,"Simu Liu, Awkwafina, Tony Chiu-Wai Leung, Ben Kingsley","112,053",
Skyfall,2012,143,7.8,81,"James Bond's loyalty to M is tested when her past comes back to haunt her. When MI6 comes under attack, 007 must track down and destroy the threat, no matter how personal the cost.",Sam Mendes,"Daniel Craig, Javier Bardem, Naomie Harris, Judi Dench","660,721",$304.36M
Knives Out,2019,130,7.9,82,"A detective investigates the death of a patriarch of an eccentric, combative family.",Rian Johnson,"Daniel Craig, Chris Evans, Ana de Armas, Jamie Lee Curtis","538,680",$165.36M
Parasite,2019,132,8.6,96,Greed and class discrimination threaten the newly formed symbiotic relationship between the wealthy Park family and the destitute Kim clan.,Bong Joon Ho,"Kang-ho Song, Sun-kyun Lee, Yeo-jeong Cho, Woo-sik Choi","671,602",$53.37M
Titanic,1997,194,7.8,75,"A seventeen-year-old aristocrat falls in love with a kind but poor artist aboard the luxurious, ill-fated R.M.S. Titanic.",James Cameron,"Leonardo DiCaprio, Kate Winslet, Billy Zane, Kathy Bates","1,097,862",$659.33M
Heat,1995,170,8.2,76,A group of high-end professional thieves start to feel the heat from the LAPD when they unknowingly leave a clue at their latest heist.,Michael Mann,"Al Pacino, Robert De Niro, Val Kilmer, Jon Voight","610,166",$67.44M
The Shawshank Redemption,1994,142,9.3,80,"Two imprisoned men bond over a number of years, finding solace and eventual redemption through acts of common decency.",Frank Darabont,"Tim Robbins, Morgan Freeman, Bob Gunton, William Sadler","2,475,886",$28.34M
Joker,2019,122,8.4,,"In Gotham City, mentally troubled comedian Arthur Fleck is disregarded and mistreated by society. He then embarks on a downward spiral of revolution and bloody crime. This path brings him face-to-face with his alter-ego: the Joker.",Todd Phillips,"Joaquin Phoenix, Robert De Niro, Zazie Beetz, Frances Conroy","1,079,954",$335.45M
Once Upon a Time... In Hollywood,2019,161,7.6,83,A faded television actor and his stunt double strive to achieve fame and success in the final years of Hollywood's Golden Age in 1969 Los Angeles.,Quentin Tarantino,"Leonardo DiCaprio, Brad Pitt, Margot Robbie, Emile Hirsch","644,566",$142.50M
Blade Runner 2049,2017,164,8.0,81,"Young Blade Runner K's discovery of a long-buried secret leads him to track down former Blade Runner Rick Deckard, who's been missing for thirty years.",Denis Villeneuve,"Harrison Ford, Ryan Gosling, Ana de Armas, Dave Bautista","503,900",$92.05M
The Nightmare Before Christmas,1993,76,8.0,82,"Jack Skellington, king of Halloween Town, discovers Christmas Town, but his attempts to bring Christmas to his home causes confusion.",Henry Selick,"Danny Elfman, Chris Sarandon, Catherine O'Hara, William Hickey","312,282",$75.08M
The Shining,1980,146,8.4,66,"A family heads to an isolated hotel for the winter where a sinister presence influences the father into violence, while his psychic son sees horrific forebodings from both past and future.",Stanley Kubrick,"Jack Nicholson, Shelley Duvall, Danny Lloyd, Scatman Crothers","947,612",$44.02M
Harry Potter and the Sorcerer's Stone,2001,152,7.6,64,"An orphaned boy enrolls in a school of wizardry, where he learns the truth about himself, his family and the terrible evil that haunts the magical world.",Chris Columbus,"Daniel Radcliffe, Rupert Grint, Richard Harris, Maggie Smith","702,981",$317.58M
The Wolf of Wall Street,2013,180,8.2,75,"Based on the true story of Jordan Belfort, from his rise to a wealthy stock-broker living the high life to his fall involving crime, corruption and the federal government.",Martin Scorsese,"Leonardo DiCaprio, Jonah Hill, Margot Robbie, Matthew McConaughey","1,272,992",$116.90M
Avengers: Endgame,2019,181,8.4,78,"After the devastating events of Avengers: Infinity War (2018), the universe is in ruins. With the help of remaining allies, the Avengers assemble once more in order to reverse Thanos' actions and restore balance to the universe.","Directors:Anthony Russo, Joe Russo","Robert Downey Jr., Chris Evans, Mark Ruffalo, Chris Hemsworth","949,569",$858.37M
Fight Club,1999,139,8.8,66,An insomniac office worker and a devil-may-care soap maker form an underground fight club that evolves into much more.,David Fincher,"Brad Pitt, Edward Norton, Meat Loaf, Zach Grenier","1,950,100",$37.03M
The Matrix,1999,136,8.7,73,"When a beautiful stranger leads computer hacker Neo to a forbidding underworld, he discovers the shocking truth--the life he knows is the elaborate deception of an evil cyber-intelligence.","Directors:Lana Wachowski, Lilly Wachowski","Keanu Reeves, Laurence Fishburne, Carrie-Anne Moss, Hugo Weaving","1,769,059",$171.48M
Interstellar,2014,169,8.6,74,A team of explorers travel through a wormhole in space in an attempt to ensure humanity's survival.,Christopher Nolan,"Matthew McConaughey, Anne Hathaway, Jessica Chastain, Mackenzie Foy","1,626,121",$188.02M
Zodiac,2007,157,7.7,78,"Between 1968 and 1983, a San Francisco cartoonist becomes an amateur detective obsessed with tracking down the Zodiac Killer, an unidentified individual who terrorizes Northern California with a killing spree.",David Fincher,"Jake Gyllenhaal, Robert Downey Jr., Mark Ruffalo, Anthony Edwards","499,786",$33.08M
Train to Busan,2016,118,7.6,72,"While a zombie virus breaks out in South Korea, passengers struggle to survive on the train from Seoul to Busan.",Sang-ho Yeon,"Gong Yoo, Yu-mi Jung, Ma Dong-seok, Su-an Kim","191,261",$2.13M
Gladiator,2000,155,8.5,67,A former Roman General sets out to exact vengeance against the corrupt emperor who murdered his family and sent him into slavery.,Ridley Scott,"Russell Crowe, Joaquin Phoenix, Connie Nielsen, Oliver Reed","1,404,708",$187.71M
The Goonies,1985,114,7.8,62,A group of young misfits called The Goonies discover an ancient map and set out on an adventure to find a legendary pirate's long-lost treasure.,Richard Donner,"Sean Astin, Josh Brolin, Jeff Cohen, Corey Feldman","256,749",$61.50M
The Godfather,1972,175,9.2,100,The aging patriarch of an organized crime dynasty in postwar New York City transfers control of his clandestine empire to his reluctant youngest son.,Francis Ford Coppola,"Marlon Brando, Al Pacino, James Caan, Diane Keaton","1,710,491",$134.97M
The Dark Knight,2008,152,9.0,84,"When the menace known as the Joker wreaks havoc and chaos on the people of Gotham, Batman must accept one of the greatest psychological and physical tests of his ability to fight injustice.",Christopher Nolan,"Christian Bale, Heath Ledger, Aaron Eckhart, Michael Caine","2,430,010",$534.86M
Pulp Fiction,1994,154,8.9,94,"The lives of two mob hitmen, a boxer, a gangster and his wife, and a pair of diner bandits intertwine in four tales of violence and redemption.",Quentin Tarantino,"John Travolta, Uma Thurman, Samuel L. Jackson, Bruce Willis","1,916,537",$107.93M
Battle Royale,2000,114,7.6,81,"In the future, the Japanese government captures a class of ninth-grade students and forces them to kill each other under the revolutionary ""Battle Royale"" act.",Kinji Fukasaku,"Tatsuya Fujiwara, Aki Maeda, Tarô Yamamoto, Chiaki Kuriyama","176,543",
Inception,2010,148,8.8,74,"A thief who steals corporate secrets through the use of dream-sharing technology is given the inverse task of planting an idea into the mind of a C.E.O., but his tragic past may doom the project and his team to disaster.",Christopher Nolan,"Leonardo DiCaprio, Joseph Gordon-Levitt, Elliot Page, Ken Watanabe","2,180,582",$292.58M
Zack Snyder's Justice League,2021,242,8.1,,"Determined to ensure Superman's ultimate sacrifice was not in vain, Bruce Wayne aligns forces with Diana Prince with plans to recruit a team of metahumans to protect the world from an approaching threat of catastrophic proportions.",Zack Snyder,"Henry Cavill, Ben Affleck, Gal Gadot, Amy Adams","341,312",
Léon: The Professional,1994,110,8.5,64,"Mathilda, a 12-year-old girl, is reluctantly taken in by Léon, a professional assassin, after her family is murdered. An unusual relationship forms as she becomes his protégée and learns the assassin's trade.",Luc Besson,"Jean Reno, Gary Oldman, Natalie Portman, Danny Aiello","1,086,405",$19.50M
Ghostbusters,1984,105,7.8,71,Three former parapsychology professors set up shop as a unique ghost removal service.,Ivan Reitman,"Bill Murray, Dan Aykroyd, Sigourney Weaver, Harold Ramis","375,061",$238.63M
Prisoners,2013,153,8.1,70,"When Keller Dover's daughter and her friend go missing, he takes matters into his own hands as the police pursue multiple leads and the pressure mounts.",Denis Villeneuve,"Hugh Jackman, Jake Gyllenhaal, Viola Davis, Melissa Leo","642,060",$61.00M
Inglourious Basterds,2009,153,8.3,69,"In Nazi-occupied France during World War II, a plan to assassinate Nazi leaders by a group of Jewish U.S. soldiers coincides with a theatre owner's vengeful plans for the same.",Quentin Tarantino,"Brad Pitt, Diane Kruger, Eli Roth, Mélanie Laurent","1,339,115",$120.54M
The Father,I 2020,97,8.3,88,"A man refuses all assistance from his daughter as he ages. As he tries to make sense of his changing circumstances, he begins to doubt his loved ones, his own mind and even the fabric of his reality.",Florian Zeller,"Anthony Hopkins, Olivia Colman, Mark Gatiss, Olivia Williams","102,010",
1917,2019,119,8.3,78,"April 6th, 1917. As a regiment assembles to wage war deep in enemy territory, two soldiers are assigned to race against time and deliver a message that will stop 1,600 men from walking straight into a deadly trap.",Sam Mendes,"Dean-Charles Chapman, George MacKay, Daniel Mays, Colin Firth","498,105",$159.23M
Little Women,2019,135,7.8,91,"Jo March reflects back and forth on her life, telling the beloved story of the March sisters - four young women, each determined to live life on her own terms.",Greta Gerwig,"Saoirse Ronan, Emma Watson, Florence Pugh, Eliza Scanlen","167,900",$108.10M
The Lord of the Rings: The Fellowship of the Ring,2001,178,8.8,92,A meek Hobbit from the Shire and eight companions set out on a journey to destroy the powerful One Ring and save Middle-earth from the Dark Lord Sauron.,Peter Jackson,"Elijah Wood, Ian McKellen, Orlando Bloom, Sean Bean","1,737,371",$315.54M
American Psycho,2000,101,7.6,64,"A wealthy New York City investment banking executive, Patrick Bateman, hides his alternate psychopathic ego from his co-workers and friends as he delves deeper into his violent, hedonistic fantasies.",Mary Harron,"Christian Bale, Justin Theroux, Josh Lucas, Bill Sage","528,951",$15.07M
Goodfellas,1990,146,8.7,90,"The story of Henry Hill and his life in the mob, covering his relationship with his wife Karen Hill and his mob partners Jimmy Conway and Tommy DeVito in the Italian-American crime syndicate.",Martin Scorsese,"Robert De Niro, Ray Liotta, Joe Pesci, Lorraine Bracco","1,074,821",$46.84M
The Thing,1982,109,8.1,,A research team in Antarctica is hunted by a shape-shifting alien that assumes the appearance of its victims.,John Carpenter,"Kurt Russell, Wilford Brimley, Keith David, Richard Masur","393,731",$13.78M
Jurassic Park,1993,127,8.1,68,A pragmatic paleontologist touring an almost complete theme park on an island in Central America is tasked with protecting a couple of kids after a power failure causes the park's cloned dinosaurs to run loose.,Steven Spielberg,"Sam Neill, Laura Dern, Jeff Goldblum, Richard Attenborough","912,674",$402.45M
Alien,1979,117,8.4,89,"After a space merchant vessel receives an unknown transmission as a distress call, one of the crew is attacked by a mysterious life form and they soon realize that its life cycle has merely begun.",Ridley Scott,"Sigourney Weaver, Tom Skerritt, John Hurt, Veronica Cartwright","826,701",$78.90M
Call Me by Your Name,2017,132,7.9,93,"In 1980s Italy, romance blossoms between a seventeen-year-old student and the older man hired as his father's research assistant.",Luca Guadagnino,"Armie Hammer, Timothée Chalamet, Michael Stuhlbarg, Amira Casar","238,444",$18.10M
Aliens,1986,137,8.3,84,"Fifty-seven years after surviving an apocalyptic attack aboard her space vessel by merciless space creatures, Officer Ripley awakens from hyper-sleep and tries to warn anyone who will listen about the predators.",James Cameron,"Sigourney Weaver, Michael Biehn, Carrie Henn, Paul Reiser","680,900",$85.16M
Gone Girl,2014,149,8.1,79,"With his wife's disappearance having become the focus of an intense media circus, a man sees the spotlight turned on him when it's suspected that he may not be innocent.",David Fincher,"Ben Affleck, Rosamund Pike, Neil Patrick Harris, Tyler Perry","913,352",$167.77M
Blue Is the Warmest Colour,2013,180,7.7,89,"Adèle's life is changed when she meets Emma, a young woman with blue hair, who will allow her to discover desire and to assert herself as a woman and as an adult. In front of others, Adèle grows, seeks herself, loses herself, and ultimately finds herself through love and loss.",Abdellatif Kechiche,"Léa Seydoux, Adèle Exarchopoulos, Salim Kechiouche, Aurélien Recoing","144,968",$2.20M
Django Unchained,2012,165,8.4,81,"With the help of a German bounty-hunter, a freed slave sets out to rescue his wife from a brutal plantation-owner in Mississippi.",Quentin Tarantino,"Jamie Foxx, Christoph Waltz, Leonardo DiCaprio, Kerry Washington","1,434,135",$162.81M
The Silence of the Lambs,1991,118,8.6,85,"A young F.B.I. cadet must receive the help of an incarcerated and manipulative cannibal killer to help catch another serial killer, a madman who skins his victims.",Jonathan Demme,"Jodie Foster, Anthony Hopkins, Lawrence A. Bonney, Kasi Lemmons","1,337,642",$130.74M
Oldboy,2003,101,8.4,77,"After being kidnapped and imprisoned for fifteen years, Oh Dae-Su is released, only to find that he must find his captor in five days.",Park Chan-Wook,"Choi Min-sik, Yoo Ji-Tae, Kang Hye-jeong, Kim Byeong-Ok","543,465",$0.71M
Forrest Gump,1994,142,8.8,82,"The presidencies of Kennedy and Johnson, the Vietnam War, the Watergate scandal and other historical events unfold from the perspective of an Alabama man with an IQ of 75, whose only desire is to be reunited with his childhood sweetheart.",Robert Zemeckis,"Tom Hanks, Robin Wright, Gary Sinise, Sally Field","1,914,096",$330.25M
Catch Me If You Can,2002,141,8.1,75,"Barely 21 yet, Frank is a skilled forger who has passed as a doctor, lawyer and pilot. FBI agent Carl becomes obsessed with tracking down the con man, who only revels in the pursuit.",Steven Spielberg,"Leonardo DiCaprio, Tom Hanks, Christopher Walken, Martin Sheen","891,698",$164.62M
Mad Max: Fury Road,2015,120,8.1,90,"In a post-apocalyptic wasteland, a woman rebels against a tyrannical ruler in search for her homeland with the aid of a group of female prisoners, a psychotic worshiper, and a drifter named Max.",George Miller,"Tom Hardy, Charlize Theron, Nicholas Hoult, Zoë Kravitz","931,790",$154.06M
Se7en,1995,127,8.6,65,"Two detectives, a rookie and a veteran, hunt a serial killer who uses the seven deadly sins as his motives.",David Fincher,"Morgan Freeman, Brad Pitt, Kevin Spacey, Andrew Kevin Walker","1,523,942",$100.13M
Psycho,1960,109,8.5,97,"A Phoenix secretary embezzles $40,000 from her employer's client, goes on the run, and checks into a remote motel run by a young man under the domination of his mother.",Alfred Hitchcock,"Anthony Perkins, Janet Leigh, Vera Miles, John Gavin","633,363",$32.00M
Bohemian Rhapsody,2018,134,7.9,,"The story of the legendary British rock band Queen and lead singer Freddie Mercury, leading up to their famous performance at Live Aid (1985).",Bryan Singer,"Rami Malek, Lucy Boynton, Gwilym Lee, Ben Hardy","490,676",$216.43M
Avengers: Infinity War,2018,149,8.4,68,The Avengers and their allies must be willing to sacrifice all in an attempt to defeat the powerful Thanos before his blitz of devastation and ruin puts an end to the universe.,"Directors:Anthony Russo, Joe Russo","Robert Downey Jr., Chris Hemsworth, Mark Ruffalo, Chris Evans","931,839",$678.82M
The Departed,2006,151,8.5,85,An undercover cop and a mole in the police attempt to identify each other while infiltrating an Irish gang in South Boston.,Martin Scorsese,"Leonardo DiCaprio, Matt Damon, Jack Nicholson, Mark Wahlberg","1,245,514",$132.38M
Young Frankenstein,1974,106,8.0,80,"An American grandson of the infamous scientist, struggling to prove that his grandfather was not as insane as people believe, is invited to Transylvania, where he discovers the process that reanimates a dead body.",Mel Brooks,"Gene Wilder, Madeline Kahn, Marty Feldman, Peter Boyle","150,991",$86.30M
Back to the Future,1985,116,8.5,87,"Marty McFly, a 17-year-old high school student, is accidentally sent thirty years into the past in a time-traveling DeLorean invented by his close friend, the eccentric scientist Doc Brown.",Robert Zemeckis,"Michael J. Fox, Christopher Lloyd, Lea Thompson, Crispin Glover","1,117,671",$210.61M
The Gentlemen,2019,113,7.8,,"An American expat tries to sell off his highly profitable marijuana empire in London, triggering plots, schemes, bribery and blackmail in an attempt to steal his domain out from under him.",Guy Ritchie,"Matthew McConaughey, Charlie Hunnam, Michelle Dockery, Jeremy Strong","283,902",
About Time,I 2013,123,7.8,,"At the age of 21, Tim discovers he can travel in time and change what happens and has happened in his own life. His decision to make his world a better place by getting a girlfriend turns out not to be as easy as you might think.",Richard Curtis,"Domhnall Gleeson, Rachel McAdams, Bill Nighy, Lydia Wilson","324,132",$15.32M
The Exorcist,1973,122,8.0,81,"When a 12-year-old girl is possessed by a mysterious entity, her mother seeks the help of two priests to save her.",William Friedkin,"Ellen Burstyn, Max von Sydow, Linda Blair, Lee J. Cobb","378,033",$232.91M
Home Alone,1990,103,7.6,63,An eight-year-old troublemaker must protect his house from a pair of burglars when he is accidentally left home alone by his family during Christmas vacation.,Chris Columbus,"Macaulay Culkin, Joe Pesci, Daniel Stern, John Heard","509,797",$285.76M
Guardians of the Galaxy,2014,121,8.0,76,A group of intergalactic criminals must pull together to stop a fanatical warrior with plans to purge the universe.,James Gunn,"Chris Pratt, Vin Diesel, Bradley Cooper, Zoe Saldana","1,098,160",$333.18M
Deadpool,2016,108,8.0,65,"A wisecracking mercenary gets experimented on and becomes immortal but ugly, and sets out to track down the man who ruined his looks.",Tim Miller,"Ryan Reynolds, Morena Baccarin, T.J. Miller, Ed Skrein","953,196",$363.07M
Edward Scissorhands,1990,105,7.9,74,"An artificial man, who was incompletely constructed and has scissors for hands, leads a solitary life. Then one day, a suburban lady meets him and introduces him to her world.",Tim Burton,"Johnny Depp, Winona Ryder, Dianne Wiest, Anthony Michael Hall","463,306",$56.36M
Deadpool 2,2018,119,7.7,66,"Foul-mouthed mutant mercenary Wade Wilson (a.k.a. Deadpool) assembles a team of fellow mutant rogues to protect a young boy with supernatural abilities from the brutal, time-traveling cyborg Cable.",David Leitch,"Ryan Reynolds, Josh Brolin, Morena Baccarin, Julian Dennison","521,326",$324.59M
The Hangover,2009,100,7.7,73,"Three buddies wake up from a bachelor party in Las Vegas, with no memory of the previous night and the bachelor missing. They make their way around the city in order to find their friend before his wedding.",Todd Phillips,"Zach Galifianakis, Bradley Cooper, Justin Bartha, Ed Helms","745,248",$277.32M
Schindler's List,1993,195,8.9,94,"In German-occupied Poland during World War II, industrialist Oskar Schindler gradually becomes concerned for his Jewish workforce after witnessing their persecution by the Nazis.",Steven Spielberg,"Liam Neeson, Ralph Fiennes, Ben Kingsley, Caroline Goodall","1,271,405",$96.90M
Once Upon a Time in America,1984,229,8.3,75,"A former Prohibition-era Jewish gangster returns to the Lower East Side of Manhattan 35 years later, where he must once again confront the ghosts and regrets of his old life.",Sergio Leone,"Robert De Niro, James Woods, Elizabeth McGovern, Treat Williams","330,976",$5.32M
Blade Runner,1982,117,8.1,84,"A blade runner must pursue and terminate four replicants who stole a ship in space, and have returned to Earth to find their creator.",Ridley Scott,"Harrison Ford, Rutger Hauer, Sean Young, Edward James Olmos","724,847",$32.87M
No Country for Old Men,2007,122,8.1,91,Violence and mayhem ensue after a hunter stumbles upon a drug deal gone wrong and more than two million dollars in cash near the Rio Grande.,"Directors:Ethan Coen, Joel Coen","Tommy Lee Jones, Javier Bardem, Josh Brolin, Woody Harrelson","904,912",$74.28M
Avatar,2009,162,7.8,83,A paraplegic Marine dispatched to the moon Pandora on a unique mission becomes torn between following his orders and protecting the world he feels is his home.,James Cameron,"Sam Worthington, Zoe Saldana, Sigourney Weaver, Michelle Rodriguez","1,159,510",$760.51M
Another Round,2020,117,7.8,79,Four high school teachers consume alcohol on a daily basis to see how it affects their social and professional lives.,Thomas Vinterberg,"Mads Mikkelsen, Thomas Bo Larsen, Magnus Millang, Lars Ranthe","113,748",
Jojo Rabbit,2019,108,7.9,,A young German boy in the Hitler Youth whose hero and imaginary friend is the country's dictator is shocked to discover that his mother is hiding a Jewish girl in their home.,Taika Waititi,"Roman Griffin Davis, Thomasin McKenzie, Scarlett Johansson, Taika Waititi","341,827",$0.35M
Frankenstein,1931,70,7.8,91,Dr. Frankenstein dares to tamper with life and death by creating a human monster out of lifeless body parts.,James Whale,"Colin Clive, Mae Clarke, Boris Karloff, John Boles","68,861",
The Grand Budapest Hotel,2014,99,8.1,88,"A writer encounters the owner of an aging high-class hotel, who tells him of his early years serving as a lobby boy in the hotel's glorious years under an exceptional concierge.",Wes Anderson,"Ralph Fiennes, F. Murray Abraham, Mathieu Amalric, Adrien Brody","748,851",$59.10M
The Dark Knight Rises,2012,164,8.4,78,"Eight years after the Joker's reign of anarchy, Batman, with the help of the enigmatic Catwoman, is forced from his exile to save Gotham City from the brutal guerrilla terrorist Bane.",Christopher Nolan,"Christian Bale, Tom Hardy, Anne Hathaway, Gary Oldman","1,584,323",$448.14M
The Princess Bride,1987,98,8.1,77,"While home sick in bed, a young boy's grandfather reads him the story of a farmboy-turned-pirate who encounters numerous obstacles, enemies and allies in his quest to be reunited with his true love.",Rob Reiner,"Cary Elwes, Mandy Patinkin, Robin Wright, Chris Sarandon","409,700",$30.86M
Harry Potter and the Goblet of Fire,2005,157,7.7,81,"Harry Potter finds himself competing in a hazardous tournament between rival schools of magic, but he is distracted by recurring nightmares.",Mike Newell,"Daniel Radcliffe, Emma Watson, Rupert Grint, Eric Sykes","576,563",$290.01M
Jaws,1975,124,8.0,87,"When a killer shark unleashes chaos on beach community off Long Island, it's up to a local sheriff, a marine biologist, and an old seafarer to hunt the beast down.",Steven Spielberg,"Roy Scheider, Robert Shaw, Richard Dreyfuss, Lorraine Gary","566,974",$260.00M
Get Out,I 2017,104,7.7,85,"A young African-American visits his white girlfriend's parents for the weekend, where his simmering uneasiness about their reception of him eventually reaches a boiling point.",Jordan Peele,"Daniel Kaluuya, Allison Williams, Bradley Whitford, Catherine Keener","533,879",$176.04M
Tombstone,1993,130,7.8,,"A successful lawman's plans to retire anonymously in Tombstone, Arizona are disrupted by the kind of outlaws he was famous for eliminating.","Directors:George P. Cosmatos, Kevin Jarre","Kurt Russell, Val Kilmer, Sam Elliott, Bill Paxton","136,717",$56.51M
Goldfinger,1964,110,7.7,87,"While investigating a gold magnate's smuggling, James Bond uncovers a plot to contaminate the Fort Knox gold reserve.",Guy Hamilton,"Sean Connery, Gert Fröbe, Honor Blackman, Shirley Eaton","181,736",$51.08M
Thor: Ragnarok,2017,130,7.9,74,"Imprisoned on the planet Sakaar, Thor must race against time to return to Asgard and stop Ragnarök, the destruction of his world, at the hands of the powerful and ruthless villain Hela.",Taika Waititi,"Chris Hemsworth, Tom Hiddleston, Cate Blanchett, Mark Ruffalo","651,257",$315.06M
Shutter Island,2010,138,8.2,63,"In 1954, a U.S. Marshal investigates the disappearance of a murderer who escaped from a hospital for the criminally insane.",Martin Scorsese,"Leonardo DiCaprio, Emily Mortimer, Mark Ruffalo, Ben Kingsley","1,202,234",$128.01M
The Prestige,2006,130,8.5,66,"After a tragic accident, two stage magicians in 1890s London engage in a battle to create the ultimate illusion while sacrificing everything they have to outwit each other.",Christopher Nolan,"Christian Bale, Hugh Jackman, Scarlett Johansson, Michael Caine","1,249,837",$53.09M
What We Do in the Shadows,2014,86,7.7,76,"Viago, Deacon and Vladislav are vampires who are finding that modern life has them struggling with the mundane - like paying rent, keeping up with the chore wheel, trying to get into nightclubs and overcoming flatmate conflicts.","Directors:Jemaine Clement, Taika Waititi","Jemaine Clement, Taika Waititi, Cori Gonzalez-Macuer, Jonny Brugh","169,418",$3.33M
Saving Private Ryan,1998,169,8.6,91,"Following the Normandy Landings, a group of U.S. soldiers go behind enemy lines to retrieve a paratrooper whose brothers have been killed in action.",Steven Spielberg,"Tom Hanks, Matt Damon, Tom Sizemore, Edward Burns","1,297,354",$216.54M
The Girl with the Dragon Tattoo,2011,158,7.8,71,"Journalist Mikael Blomkvist is aided in his search for a woman who has been missing for forty years by Lisbeth Salander, a young computer hacker.",David Fincher,"Daniel Craig, Rooney Mara, Christopher Plummer, Stellan Skarsgård","441,936",$102.52M
Harry Potter and the Deathly Hallows: Part 2,2011,130,8.1,85,"Harry, Ron, and Hermione search for Voldemort's remaining Horcruxes in their effort to destroy the Dark Lord as the final battle rages on at Hogwarts.",David Yates,"Daniel Radcliffe, Emma Watson, Rupert Grint, Michael Gambon","806,153",$381.01M
A Clockwork Orange,1971,136,8.3,77,"In the future, a sadistic gang leader is imprisoned and volunteers for a conduct-aversion experiment, but it doesn't go as planned.",Stanley Kubrick,"Malcolm McDowell, Patrick Magee, Michael Bates, Warren Clarke","788,372",$6.21M
Logan,2017,137,8.1,77,"In a future where mutants are nearly extinct, an elderly and weary Logan leads a quiet life. But when Laura, a mutant child pursued by scientists, comes to him for help, he must get her to safety.",James Mangold,"Hugh Jackman, Patrick Stewart, Dafne Keen, Boyd Holbrook","692,014",$226.28M
Man on Fire,2004,146,7.7,,"In Mexico City, a former CIA operative swears vengeance on those who committed an unspeakable act against the family he was hired to protect.",Tony Scott,"Denzel Washington, Christopher Walken, Dakota Fanning, Radha Mitchell","345,995",$77.91M
Whiplash,2014,106,8.5,88,A promising young drummer enrolls at a cut-throat music conservatory where his dreams of greatness are mentored by an instructor who will stop at nothing to realize a student's potential.,Damien Chazelle,"Miles Teller, J.K. Simmons, Melissa Benoist, Paul Reiser","768,013",$13.09M
Arrival,II 2016,116,7.9,81,A linguist works with the military to communicate with alien lifeforms after twelve mysterious spacecraft appear around the world.,Denis Villeneuve,"Amy Adams, Jeremy Renner, Forest Whitaker, Michael Stuhlbarg","638,309",$100.55M
Good Will Hunting,1997,126,8.3,70,"Will Hunting, a janitor at M.I.T., has a gift for mathematics, but needs help from a psychologist to find direction in his life.",Gus Van Sant,"Robin Williams, Matt Damon, Ben Affleck, Stellan Skarsgård","904,393",$138.43M
Wind River,2017,107,7.7,73,A veteran hunter helps an FBI agent investigate the murder of a young woman on a Wyoming Native American reservation.,Taylor Sheridan,"Elizabeth Olsen, Jeremy Renner, Graham Greene, Kelsey Asbille","225,914",$33.80M
Pirates of the Caribbean: The Curse of the Black Pearl,2003,143,8.0,63,"Blacksmith Will Turner teams up with eccentric pirate ""Captain"" Jack Sparrow to save his love, the governor's daughter, from Jack's former pirate allies, who are now undead.",Gore Verbinski,"Johnny Depp, Geoffrey Rush, Orlando Bloom, Keira Knightley","1,047,836",$305.41M
Spider-Man: Into the Spider-Verse,2018,117,8.4,87,"Teen Miles Morales becomes the Spider-Man of his universe, and must join with five spider-powered individuals from other dimensions to stop a threat for all realities.","Directors:Bob Persichetti, Peter Ramsey, Rodney Rothman","Shameik Moore, Jake Johnson, Hailee Steinfeld, Mahershala Ali","431,981",$190.24M
Mulholland Drive,2001,147,7.9,85,"After a car wreck on the winding Mulholland Drive renders a woman amnesiac, she and a perky Hollywood-hopeful search for clues and answers across Los Angeles in a twisting venture beyond dreams and reality.",David Lynch,"Naomi Watts, Laura Harring, Justin Theroux, Jeanne Bates","338,747",$7.22M
The Green Mile,1999,189,8.6,61,"The lives of guards on Death Row are affected by one of their charges: a black man accused of child murder and rape, yet who has a mysterious gift.",Frank Darabont,"Tom Hanks, Michael Clarke Duncan, David Morse, Bonnie Hunt","1,208,758",$136.80M
Donnie Darko,2001,113,8.0,88,"After narrowly escaping a bizarre accident, a troubled teenager is plagued by visions of a man in a large rabbit suit who manipulates him to commit a series of crimes.",Richard Kelly,"Jake Gyllenhaal, Jena Malone, Mary McDonnell, Holmes Osborne","765,879",$1.48M
The Revenant,2015,156,8.0,76,A frontiersman on a fur trading expedition in the 1820s fights for survival after being mauled by a bear and left for dead by members of his own hunting team.,Alejandro G. Iñárritu,"Leonardo DiCaprio, Tom Hardy, Will Poulter, Domhnall Gleeson","746,016",$183.64M
Boogie Nights,1997,155,7.9,85,"Back when sex was safe, pleasure was a business and business was booming, an idealistic porn producer aspires to elevate his craft to an art when he discovers a hot young talent.",Paul Thomas Anderson,"Mark Wahlberg, Julianne Moore, Burt Reynolds, Luis Guzmán","251,185",$26.40M
Kingsman: The Secret Service,2014,129,7.7,,"A spy organisation recruits a promising street kid into the agency's training program, while a global threat emerges from a twisted tech genius.",Matthew Vaughn,"Colin Firth, Taron Egerton, Samuel L. Jackson, Michael Caine","619,009",$128.26M
Harry Potter and the Prisoner of Azkaban,2004,142,7.9,82,"Harry Potter, Ron and Hermione return to Hogwarts School of Witchcraft and Wizardry for their third year of study, where they delve into the mystery surrounding an escaped prisoner who poses a dangerous threat to the young wizard.",Alfonso Cuarón,"Daniel Radcliffe, Emma Watson, Rupert Grint, Richard Griffiths","582,753",$249.36M
Pride & Prejudice,2005,129,7.8,82,"Sparks fly when spirited Elizabeth Bennet meets single, rich, and proud Mr. Darcy. But Mr. Darcy reluctantly finds himself falling in love with a woman beneath his class. Can each overcome their own pride and prejudice?",Joe Wright,"Keira Knightley, Matthew Macfadyen, Brenda Blethyn, Donald Sutherland","274,595",$38.41M
Demon Slayer: Mugen Train,2020,117,8.3,75,"After his family was brutally murdered and his sister turned into a demon, Tanjiro Kamado's journey as a demon slayer began. Tanjiro and his comrades embark on a new mission aboard the Mugen Train, on track to despair.",Haruo Sotozaki,"Natsuki Hanae, Akari Kitô, Yoshitsugu Matsuoka, Hiro Shimono","38,304",$47.70M
Dunkirk,2017,106,7.8,94,"Allied soldiers from Belgium, the British Commonwealth and Empire, and France are surrounded by the German Army and evacuated during a fierce battle in World War II.",Christopher Nolan,"Fionn Whitehead, Barry Keoghan, Mark Rylance, Tom Hardy","599,229",$188.37M
Coraline,2009,100,7.7,80,"An adventurous 11-year-old girl finds another world that is a strangely idealized version of her frustrating home, but it has sinister secrets.",Henry Selick,"Dakota Fanning, Teri Hatcher, John Hodgman, Jennifer Saunders","209,825",$75.29M
The Big Short,2015,130,7.8,81,"In 2006-2007 a group of investors bet against the US mortgage market. In their research, they discover how flawed and corrupt the market is.",Adam McKay,"Christian Bale, Steve Carell, Ryan Gosling, Brad Pitt","392,784",$70.26M
Atonement,2007,123,7.8,85,Thirteen-year-old fledgling writer Briony Tallis irrevocably changes the course of several lives when she accuses her older sister's lover of a crime he did not commit.,Joe Wright,"Keira Knightley, James McAvoy, Brenda Blethyn, Saoirse Ronan","263,749",$50.93M
American Beauty,1999,122,8.3,84,A sexually frustrated suburban father has a mid-life crisis after becoming infatuated with his daughter's best friend.,Sam Mendes,"Kevin Spacey, Annette Bening, Thora Birch, Wes Bentley","1,107,305",$130.10M
Star Wars: Episode IV - A New Hope,1977,121,8.6,90,"Luke Skywalker joins forces with a Jedi Knight, a cocky pilot, a Wookiee and two droids to save the galaxy from the Empire's world-destroying battle station, while also attempting to rescue Princess Leia from the mysterious Darth Vader.",George Lucas,"Mark Hamill, Harrison Ford, Carrie Fisher, Alec Guinness","1,281,202",$322.74M
Black Swan,2010,108,8.0,79,"A committed dancer struggles to maintain her sanity after winning the lead role in a production of Tchaikovsky's ""Swan Lake"".",Darren Aronofsky,"Natalie Portman, Mila Kunis, Vincent Cassel, Winona Ryder","726,277",$106.95M
Saw,2004,103,7.6,,"Two strangers awaken in a room with no recollection of how they got there, and soon discover they're pawns in a deadly game perpetrated by a notorious serial killer.",James Wan,"Cary Elwes, Leigh Whannell, Danny Glover, Ken Leung","398,665",$56.00M
300,2006,117,7.6,,King Leonidas of Sparta and a force of 300 men fight the Persians at Thermopylae in 480 B.C.,Zack Snyder,"Gerard Butler, Lena Headey, David Wenham, Dominic West","759,005",$210.61M
Sicario,2015,121,7.6,82,An idealistic FBI agent is enlisted by a government task force to aid in the escalating war against drugs at the border area between the U.S. and Mexico.,Denis Villeneuve,"Emily Blunt, Josh Brolin, Benicio Del Toro, Jon Bernthal","397,325",$46.89M
Die Hard,1988,132,8.2,72,An NYPD officer tries to save his wife and several others taken hostage by German terrorists during a Christmas party at the Nakatomi Plaza in Los Angeles.,John McTiernan,"Bruce Willis, Alan Rickman, Bonnie Bedelia, Reginald VelJohnson","823,245",$83.01M
Taxi Driver,1976,114,8.2,94,"A mentally unstable veteran works as a nighttime taxi driver in New York City, where the perceived decadence and sleaze fuels his urge for violent action by attempting to liberate a presidential campaign worker and an underage prostitute.",Martin Scorsese,"Robert De Niro, Jodie Foster, Cybill Shepherd, Albert Brooks","764,932",$28.26M
The Avengers,2012,143,8.0,69,Earth's mightiest heroes must come together and learn to fight as a team if they are going to stop the mischievous Loki and his alien army from enslaving humanity.,Joss Whedon,"Robert Downey Jr., Chris Evans, Scarlett Johansson, Jeremy Renner","1,312,049",$623.28M
Scarface,1983,170,8.3,65,"In 1980 Miami, a determined Cuban immigrant takes over a drug cartel and succumbs to greed.",Brian De Palma,"Al Pacino, Michelle Pfeiffer, Steven Bauer, Mary Elizabeth Mastrantonio","781,697",$45.60M
Hacksaw Ridge,2016,139,8.1,71,"World War II American Army Medic Desmond T. Doss, who served during the Battle of Okinawa, refuses to kill people and becomes the first man in American history to receive the Medal of Honor without firing a shot.",Mel Gibson,"Andrew Garfield, Sam Worthington, Luke Bracey, Teresa Palmer","470,741",$67.21M
Requiem for a Dream,2000,102,8.3,68,The drug-induced utopias of four Coney Island people are shattered when their addictions run deep.,Darren Aronofsky,"Ellen Burstyn, Jared Leto, Jennifer Connelly, Marlon Wayans","798,190",$3.64M
Black Hawk Down,2001,144,7.7,74,"The story of 160 elite U.S. soldiers who dropped into Mogadishu in October 1993 to capture two top lieutenants of a renegade warlord, but found themselves in a desperate battle with a large force of heavily-armed Somalis.",Ridley Scott,"Josh Hartnett, Ewan McGregor, Tom Sizemore, Eric Bana","378,368",$108.64M
Hamilton,2020,160,8.4,90,"The real life of one of America's foremost founding fathers and first Secretary of the Treasury, Alexander Hamilton. Captured live on Broadway from the Richard Rodgers Theater with the original Broadway cast.",Thomas Kail,"Lin-Manuel Miranda, Phillipa Soo, Leslie Odom Jr., Renée Elise Goldsberry","75,117",
The Lord of the Rings: The Return of the King,2003,201,8.9,94,Gandalf and Aragorn lead the World of Men against Sauron's army to draw his gaze from Frodo and Sam as they approach Mount Doom with the One Ring.,Peter Jackson,"Elijah Wood, Viggo Mortensen, Ian McKellen, Orlando Bloom","1,716,109",$377.85M
12 Angry Men,1957,96,9.0,96,The jury in a New York City murder trial is frustrated by a single member whose skeptical caution forces them to more carefully consider the evidence before jumping to a hasty verdict.,Sidney Lumet,"Henry Fonda, Lee J. Cobb, Martin Balsam, John Fiedler","732,836",$4.36M
Coco,I 2017,105,8.4,81,"Aspiring musician Miguel, confronted with his family's ancestral ban on music, enters the Land of the Dead to find his great-great-grandfather, a legendary singer.","Directors:Lee Unkrich, Adrian Molina","Anthony Gonzalez, Gael García Bernal, Benjamin Bratt, Alanna Ubach","435,795",$209.73M
Dazed and Confused,1993,102,7.6,78,The adventures of high school and junior high students on the last day of school in May 1976.,Richard Linklater,"Jason London, Wiley Wiggins, Matthew McConaughey, Rory Cochrane","174,604",$7.99M
Zootopia,2016,108,8.0,78,"In a city of anthropomorphic animals, a rookie bunny cop and a cynical con artist fox must work together to uncover a conspiracy.","Directors:Byron Howard, Rich Moore, Jared Bush","Ginnifer Goodwin, Jason Bateman, Idris Elba, Jenny Slate","460,584",$341.27M
Snatch,2000,102,8.3,,"Unscrupulous boxing promoters, violent bookmakers, a Russian gangster, incompetent amateur robbers and supposedly Jewish jewelers fight to track down a priceless stolen diamond.",Guy Ritchie,"Jason Statham, Brad Pitt, Stephen Graham, Vinnie Jones","814,331",$30.33M
The Irishman,2019,209,7.8,94,Hitman Frank Sheeran looks back at the secrets he kept as a loyal member of the Bufalino crime family.,Martin Scorsese,"Robert De Niro, Al Pacino, Joe Pesci, Harvey Keitel","353,633",$7.00M
There Will Be Blood,2007,158,8.2,93,"A story of family, religion, hatred, oil and madness, focusing on a turn-of-the-century prospector in the early days of the business.",Paul Thomas Anderson,"Daniel Day-Lewis, Paul Dano, Ciarán Hinds, Martin Stringer","547,310",$40.22M
The Fifth Element,1997,126,7.7,,"In the colorful future, a cab driver unwittingly becomes the central figure in the search for a legendary cosmic weapon to keep Evil and Mr. Zorg at bay.",Luc Besson,"Bruce Willis, Milla Jovovich, Gary Oldman, Ian Holm","450,569",$63.54M
Moonrise Kingdom,2012,94,7.8,84,"A pair of young lovers flee their New England town, which causes a local search party to fan out to find them.",Wes Anderson,"Jared Gilman, Kara Hayward, Bruce Willis, Bill Murray","332,484",$45.51M
Ex Machina,2014,108,7.7,78,A young programmer is selected to participate in a ground-breaking experiment in synthetic intelligence by evaluating the human qualities of a highly advanced humanoid A.I.,Alex Garland,"Alicia Vikander, Domhnall Gleeson, Oscar Isaac, Sonoya Mizuno","504,329",$25.44M
Stardust,2007,127,7.6,66,"In a countryside town bordering on a magical land, a young man makes a promise to his beloved that he'll retrieve a fallen star by venturing into the magical realm.",Matthew Vaughn,"Charlie Cox, Claire Danes, Sienna Miller, Ian McKellen","263,636",$38.63M
Kill Bill: Vol. 1,2003,111,8.1,69,"After awakening from a four-year coma, a former assassin wreaks vengeance on the team of assassins who betrayed her.",Quentin Tarantino,"Uma Thurman, David Carradine, Daryl Hannah, Michael Madsen","1,050,111",$70.10M
The Sixth Sense,1999,107,8.1,64,"A frightened, withdrawn Philadelphia boy who communicates with spirits seeks the help of a disheartened child psychologist.",M. Night Shyamalan,"Bruce Willis, Haley Joel Osment, Toni Collette, Olivia Williams","944,975",$293.51M
Iron Man,2008,126,7.9,79,"After being held captive in an Afghan cave, billionaire engineer Tony Stark creates a unique weaponized suit of armor to fight evil.",Jon Favreau,"Robert Downey Jr., Gwyneth Paltrow, Terrence Howard, Jeff Bridges","987,569",$318.41M
Mission: Impossible - Fallout,2018,147,7.7,86,"Ethan Hunt and his IMF team, along with some familiar allies, race against time after a mission gone wrong.",Christopher McQuarrie,"Tom Cruise, Henry Cavill, Ving Rhames, Simon Pegg","309,325",$220.16M
Pan's Labyrinth,2006,118,8.2,98,"In the Falangist Spain of 1944, the bookish young stepdaughter of a sadistic army officer escapes into an eerie but captivating fantasy world.",Guillermo del Toro,"Ivana Baquero, Ariadna Gil, Sergi López, Maribel Verdú","640,548",$37.63M
The Godfather: Part II,1974,202,9.0,90,"The early life and career of Vito Corleone in 1920s New York City is portrayed, while his son, Michael, expands and tightens his grip on the family crime syndicate.",Francis Ford Coppola,"Al Pacino, Robert De Niro, Robert Duvall, Diane Keaton","1,188,182",$57.30M
Shershaah,2021,135,8.7,,"This is a story of a PVC awardee brave Indian soldier - Capt. Vikram Batra, who shot to fame and became a household name during the Kargil War in 1999. His indomitable spirit and his unflinching courage in chasing the Pakistani soldiers out of Indian territory contributed immensely in India finally winning the Kargil War in 1999.",Vishnuvardhan,"Sidharth Malhotra, Kiara Advani, Shiv Panditt, Pranay Pachauri","105,013",
Spirited Away,2001,125,8.6,96,"During her family's move to the suburbs, a sullen 10-year-old girl wanders into a world ruled by gods, witches, and spirits, and where humans are changed into beasts.",Hayao Miyazaki,"Daveigh Chase, Suzanne Pleshette, Miyu Irino, Rumi Hiiragi","697,621",$10.06M
Nightcrawler,2014,117,7.8,76,"When Louis Bloom, a con man desperate for work, muscles into the world of L.A. crime journalism, he blurs the line between observer and participant to become the star of his own story.",Dan Gilroy,"Jake Gyllenhaal, Rene Russo, Bill Paxton, Riz Ahmed","498,266",$32.38M
Watchmen,2009,162,7.6,,"In 1985 where former superheroes exist, the murder of a colleague sends active vigilante Rorschach into his own sprawling investigation, uncovering something that could completely change the course of history as we know it.",Zack Snyder,"Jackie Earle Haley, Patrick Wilson, Carla Gugino, Malin Akerman","527,614",$107.51M
The Usual Suspects,1995,106,8.5,77,"A sole survivor tells of the twisty events leading up to a horrific gun battle on a boat, which began when five criminals met at a seemingly random police lineup.",Bryan Singer,"Kevin Spacey, Gabriel Byrne, Chazz Palminteri, Stephen Baldwin","1,032,200",$23.34M
Guardians of the Galaxy Vol. 2,2017,136,7.6,67,"The Guardians struggle to keep together as a team while dealing with their personal family issues, notably Star-Lord's encounter with his father the ambitious celestial being Ego.",James Gunn,"Chris Pratt, Zoe Saldana, Dave Bautista, Vin Diesel","614,090",$389.81M
Stand by Me,1986,89,8.1,75,"After the death of one of his friends, a writer recounts a childhood journey with his friends to find the body of a missing boy.",Rob Reiner,"Wil Wheaton, River Phoenix, Corey Feldman, Jerry O'Connell","381,278",$52.29M
One Flew Over the Cuckoo's Nest,1975,133,8.7,84,"A criminal pleads insanity and is admitted to a mental institution, where he rebels against the oppressive nurse and rallies up the scared patients.",Milos Forman,"Jack Nicholson, Louise Fletcher, Michael Berryman, Peter Brocco","957,080",$112.00M
Moana,I 2016,107,7.6,81,"In Ancient Polynesia, when a terrible curse incurred by the Demigod Maui reaches Moana's island, she answers the Ocean's call to seek out the Demigod to set things right.","Directors:Ron Clements, John Musker, Don Hall, Chris Williams","Auli'i Cravalho, Dwayne Johnson, Rachel House, Temuera Morrison","298,797",$248.76M
Willy Wonka & the Chocolate Factory,1971,100,7.8,67,A poor but hopeful boy seeks one of the five coveted golden tickets that will send him on a tour of Willy Wonka's mysterious chocolate factory.,Mel Stuart,"Gene Wilder, Jack Albertson, Peter Ostrum, Roy Kinnear","189,108",$4.00M
The Social Network,2010,120,7.7,95,"As Harvard student Mark Zuckerberg creates the social networking site that would become known as Facebook, he is sued by the twins who claimed he stole their idea, and by the co-founder who was later squeezed out of the business.",David Fincher,"Jesse Eisenberg, Andrew Garfield, Justin Timberlake, Rooney Mara","657,160",$96.96M
The Handmaiden,2016,145,8.1,84,"A woman is hired as a handmaiden to a Japanese heiress, but secretly she is involved in a plot to defraud her.",Park Chan-Wook,"Kim Min-hee, Ha Jung-woo, Cho Jin-woong, Moon So-ri","129,204",$2.01M
Batman Begins,2005,140,8.2,70,"After training with his mentor, Batman begins his fight to free crime-ridden Gotham City from corruption.",Christopher Nolan,"Christian Bale, Michael Caine, Ken Watanabe, Liam Neeson","1,365,095",$206.85M
Braveheart,1995,178,8.3,68,Scottish warrior William Wallace leads his countrymen in a rebellion to free his homeland from the tyranny of King Edward I of England.,Mel Gibson,"Mel Gibson, Sophie Marceau, Patrick McGoohan, Angus Macfadyen","991,327",$75.60M
The Big Lebowski,1998,117,8.1,71,"Jeff ""The Dude"" Lebowski, mistaken for a millionaire of the same name, seeks restitution for his ruined rug and enlists his bowling buddies to help get it.","Directors:Joel Coen, Ethan Coen","Jeff Bridges, John Goodman, Julianne Moore, Steve Buscemi","768,673",$17.50M
Eternal Sunshine of the Spotless Mind,2004,108,8.3,89,"When their relationship turns sour, a couple undergoes a medical procedure to have each other erased from their memories.",Michel Gondry,"Jim Carrey, Kate Winslet, Tom Wilkinson, Gerry Robert Byrne","951,579",$34.40M
The Hateful Eight,2015,168,7.8,68,"In the dead of a Wyoming winter, a bounty hunter and his prisoner find shelter in a cabin currently inhabited by a collection of nefarious characters.",Quentin Tarantino,"Samuel L. Jackson, Kurt Russell, Jennifer Jason Leigh, Walton Goggins","553,670",$54.12M
Apocalypse Now,1979,147,8.4,94,A U.S. Army officer serving in Vietnam is tasked with assassinating a renegade Special Forces Colonel who sees himself as a god.,Francis Ford Coppola,"Martin Sheen, Marlon Brando, Robert Duvall, Frederic Forrest","631,948",$83.47M
Cast Away,2000,143,7.8,73,A FedEx executive undergoes a physical and emotional transformation after crash landing on a deserted island.,Robert Zemeckis,"Tom Hanks, Helen Hunt, Paul Sanchez, Lari White","554,401",$233.63M
The Hobbit: An Unexpected Journey,2012,169,7.8,,"A reluctant Hobbit, Bilbo Baggins, sets out to the Lonely Mountain with a spirited group of dwarves to reclaim their mountain home, and the gold within it from the dragon Smaug.",Peter Jackson,"Martin Freeman, Ian McKellen, Richard Armitage, Andy Serkis","782,668",$303.00M
Soul,2020,100,8.1,83,"After landing the gig of a lifetime, a New York jazz pianist suddenly finds himself trapped in a strange land between Earth and the afterlife.","Directors:Pete Docter, Kemp Powers","Jamie Foxx, Tina Fey, Graham Norton, Rachel House","281,581",
Ferris Bueller's Day Off,1986,103,7.8,61,"A high school wise guy is determined to have a day off from school, despite what the Principal thinks of that.",John Hughes,"Matthew Broderick, Alan Ruck, Mia Sara, Jeffrey Jones","336,935",$70.14M
The Martian,2015,144,8.0,80,"An astronaut becomes stranded on Mars after his team assume him dead, and must rely on his ingenuity to find a way to signal to Earth that he is alive and can survive until a potential rescue.",Ridley Scott,"Matt Damon, Jessica Chastain, Kristen Wiig, Kate Mara","798,388",$228.43M
E.T. the Extra-Terrestrial,1982,115,7.8,91,A troubled child summons the courage to help a friendly alien escape Earth and return to his home world.,Steven Spielberg,"Henry Thomas, Drew Barrymore, Peter Coyote, Dee Wallace","388,460",$435.11M
Ford v Ferrari,2019,152,8.1,81,American car designer Carroll Shelby and driver Ken Miles battle corporate interference and the laws of physics to build a revolutionary race car for Ford in order to defeat Ferrari at the 24 Hours of Le Mans in 1966.,James Mangold,"Matt Damon, Christian Bale, Jon Bernthal, Caitriona Balfe","338,740",$117.62M
Edge of Tomorrow,2014,113,7.9,71,"A soldier fighting aliens gets to relive the same day over and over again, the day restarting every time he dies.",Doug Liman,"Tom Cruise, Emily Blunt, Bill Paxton, Brendan Gleeson","633,946",$100.21M
Drive,I 2011,100,7.8,78,An action drama about a mysterious Hollywood stuntman and mechanic moonlighting as a getaway driver finding himself in trouble when he helps out his neighbor.,Nicolas Winding Refn,"Ryan Gosling, Carey Mulligan, Bryan Cranston, Albert Brooks","597,484",$35.06M
V for Vendetta,2005,132,8.1,62,"In a future British tyranny, a shadowy freedom fighter, known only by the alias of ""V,"" plots to overthrow it with the help of a young woman.",James McTeigue,"Hugo Weaving, Natalie Portman, Rupert Graves, Stephen Rea","1,069,330",$70.51M
I Saw the Devil,2010,144,7.8,67,A secret agent exacts revenge on a serial killer through a series of captures and releases.,Jee-woon Kim,"Lee Byung-hun, Choi Min-sik, Jeon Gook-hwan, Ho-jin Chun","120,542",$0.13M
Into the Wild,2007,148,8.1,73,"After graduating from Emory University, top student and athlete Christopher McCandless abandons his possessions, gives his entire $24,000 savings account to charity and hitchhikes to Alaska to live in the wilderness. Along the way, Christopher encounters a series of characters that shape his life.",Sean Penn,"Emile Hirsch, Vince Vaughn, Catherine Keener, Marcia Gay Harden","596,271",$18.35M
A Beautiful Mind,2001,135,8.2,72,"After John Nash, a brilliant but asocial mathematician, accepts secret work in cryptography, his life takes a turn for the nightmarish.",Ron Howard,"Russell Crowe, Ed Harris, Jennifer Connelly, Christopher Plummer","884,098",$170.74M
The Hunt,2012,115,8.3,77,"A teacher lives a lonely life, all the while struggling over his son's custody. His life slowly gets better as he finds love and receives good news from his son, but his new luck is about to be brutally shattered by an innocent little lie.",Thomas Vinterberg,"Mads Mikkelsen, Thomas Bo Larsen, Annika Wedderkopp, Lasse Fogelstrøm","305,228",$0.69M
Her,2013,126,8.0,91,"In a near future, a lonely writer develops an unlikely relationship with an operating system designed to meet his every need.",Spike Jonze,"Joaquin Phoenix, Amy Adams, Scarlett Johansson, Rooney Mara","570,061",$25.57M
2001: A Space Odyssey,1968,149,8.3,84,"After discovering a mysterious artifact buried beneath the Lunar surface, mankind sets off on a quest to find its origins with help from intelligent supercomputer H.A.L. 9000.",Stanley Kubrick,"Keir Dullea, Gary Lockwood, William Sylvester, Daniel Richter","632,145",$56.95M
Memento,2000,113,8.4,80,A man with short-term memory loss attempts to track down his wife's murderer.,Christopher Nolan,"Guy Pearce, Carrie-Anne Moss, Joe Pantoliano, Mark Boone Junior","1,173,075",$25.54M
Green Book,2018,130,8.2,69,A working-class Italian-American bouncer becomes the driver of an African-American classical pianist on a tour of venues through the 1960s American South.,Peter Farrelly,"Viggo Mortensen, Mahershala Ali, Linda Cardellini, Sebastian Maniscalco","430,260",$85.08M
"Three Billboards Outside Ebbing, Missouri",2017,115,8.1,88,A mother personally challenges the local authorities to solve her daughter's murder when they fail to catch the culprit.,Martin McDonagh,"Frances McDormand, Woody Harrelson, Sam Rockwell, Caleb Landry Jones","468,593",$54.51M
Captain America: Civil War,2016,147,7.8,75,Political involvement in the Avengers' affairs causes a rift between Captain America and Iron Man.,"Directors:Anthony Russo, Joe Russo","Chris Evans, Robert Downey Jr., Scarlett Johansson, Sebastian Stan","712,552",$408.08M
"The Good, the Bad and the Ugly",1966,178,8.8,90,A bounty hunting scam joins two men in an uneasy alliance against a third in a race to find a fortune in gold buried in a remote cemetery.,Sergio Leone,"Clint Eastwood, Eli Wallach, Lee Van Cleef, Aldo Giuffrè","720,437",$6.10M
The Breakfast Club,1985,97,7.8,66,Five high school students meet in Saturday detention and discover how they have a lot more in common than they thought.,John Hughes,"Emilio Estevez, Judd Nelson, Molly Ringwald, Ally Sheedy","373,536",$45.88M
La La Land,2016,128,8.0,94,"While navigating their careers in Los Angeles, a pianist and an actress fall in love while attempting to reconcile their aspirations for the future.",Damien Chazelle,"Ryan Gosling, Emma Stone, Rosemarie DeWitt, J.K. Simmons","540,259",$151.10M
The Notebook,2004,123,7.8,,"A poor yet passionate young man falls in love with a rich young woman, giving her a sense of freedom, but they are soon separated because of their social differences.",Nick Cassavetes,"Gena Rowlands, James Garner, Rachel McAdams, Ryan Gosling","542,382",$81.00M
The Lion King,1994,88,8.5,88,"Lion prince Simba and his father are targeted by his bitter uncle, who wants to ascend the throne himself.","Directors:Roger Allers, Rob Minkoff","Matthew Broderick, Jeremy Irons, James Earl Jones, Whoopi Goldberg","987,454",$422.78M
Harry Potter and the Deathly Hallows: Part 1,2010,146,7.7,65,"As Harry, Ron, and Hermione race against time and evil to destroy the Horcruxes, they uncover the existence of the three most powerful objects in the wizarding world: the Deathly Hallows.",David Yates,"Daniel Radcliffe, Emma Watson, Rupert Grint, Bill Nighy","505,082",$295.98M
Incendies,2010,131,8.3,80,Twins journey to the Middle East to discover their family history and fulfill their mother's last wishes.,Denis Villeneuve,"Lubna Azabal, Mélissa Désormeaux-Poulin, Maxim Gaudette, Mustafa Kamel","163,378",$6.86M
Memories of Murder,2003,132,8.1,82,"In a small Korean province in 1986, two detectives struggle with the case of multiple young women being found raped and murdered by an unknown culprit.",Bong Joon Ho,"Kang-ho Song, Kim Sang-kyung, Roe-ha Kim, Jae-ho Song","160,465",$0.01M
The Game,1997,129,7.7,61,"After a wealthy San Francisco banker is given an opportunity to participate in a mysterious game, his life is turned upside down as he begins to question if it might really be a concealed conspiracy to destroy him.",David Fincher,"Michael Douglas, Deborah Kara Unger, Sean Penn, James Rebhorn","370,990",$48.32M
Almost Famous,2000,122,7.9,90,A high-school boy in the early 1970s is given the chance to write a story for Rolling Stone magazine about an up-and-coming rock band as he accompanies them on their concert tour.,Cameron Crowe,"Billy Crudup, Patrick Fugit, Kate Hudson, Frances McDormand","265,683",$32.53M
Apocalypto,2006,139,7.8,68,"As the Mayan kingdom faces its decline, a young man is taken on a perilous journey to a world ruled by fear and oppression.",Mel Gibson,"Gerardo Taracena, Raoul Max Trujillo, Dalia Hernández, Rudy Youngblood","300,574",$50.87M
Brokeback Mountain,2005,134,7.7,87,Ennis and Jack are two shepherds who develop a sexual and emotional relationship. Their relationship becomes complicated when both of them get married to their respective girlfriends.,Ang Lee,"Jake Gyllenhaal, Heath Ledger, Michelle Williams, Randy Quaid","339,512",$83.04M
Office Space,1999,89,7.7,68,Three company workers who hate their jobs decide to rebel against their greedy boss.,Mike Judge,"Ron Livingston, Jennifer Aniston, David Herman, Ajay Naidu","252,894",$10.82M
Harry Potter and the Half-Blood Prince,2009,153,7.6,78,"As Harry Potter begins his sixth year at Hogwarts, he discovers an old book marked as ""the property of the Half-Blood Prince"" and begins to learn more about Lord Voldemort's dark past.",David Yates,"Daniel Radcliffe, Emma Watson, Rupert Grint, Michael Gambon","501,719",$301.96M
Ocean's Eleven,2001,116,7.7,74,Danny Ocean and his ten accomplices plan to rob three Las Vegas casinos simultaneously.,Steven Soderbergh,"George Clooney, Brad Pitt, Julia Roberts, Matt Damon","540,995",$183.42M
